{
  "ctrl_return_1h_out": [
    [
      10.753070831298828
    ]
  ],
  "trmt_return_1h_out": [
    [
      8.019627571105957
    ]
  ],
  "ctrl_sigma_1h_out": [
    [
      6.7525506019592285
    ]
  ],
  "trmt_sigma_1h_out": [
    [
      4.558574199676514
    ]
  ],
  "t_out": [
    [
      0.3129061460494995
    ]
  ]
}