{
  "alpha006": [15, 60, 240],
  "alpha007": [15, 60, 240],
  "alpha009": [3, 60, 240],
  "alpha010": [15, 60, 240],
  "alpha012": [15, 60, 240],
  "alpha013": [2, 30, 40, 60],
  "alpha014": [2, 30, 40, 60],
  "alpha021": [4, 60, 240],
  "alpha023": [2, 60, 240],
  "alpha024": [1, 60, 240],
  "alpha026": [3, 60, 240],
  "alpha028": [4, 60, 240],
  "alpha035": [7, 60, 240],
  "alpha041": [null],
  "alpha043": [2, 60, 240],
  "alpha046": [15, 60, 240],
  "alpha049": [15, 60, 240],
  "alpha051": [15, 60, 240],
  "alpha053": [15, 60, 240],
  "alpha054": [null],
  "alpha084": [3, 60, 240],
  "alpha101": [null],
  "alpha102": [15, 60, 240],
  "alpha103": [15, 60, 240],
  "alpha104": [[15, 60], [60, 240], [240, 720]],
  "alpha105": [15, 60, 240],
  "alpha106": [null],
  "alpha107": [15, 60, 240],
  "alpha108": [15, 60, 240],
  "alpha109": [15, 60, 240],
  "alpha110": [15, 60, 240],
  "alpha111": [15, 60, 240],
  "alpha112": [10, 20, 60, 240],
  "alpha113": [15, 60, 240],
  "alpha115": [15, 60, 240],
  "alpha116": [15, 60, 240],
  "alpha117": [15, 60, 240],
  "alpha118": [15, 60, 240],
  "alpha119": [null],
  "alpha120": [15, 60, 240],
  "alpha121": [null],
  "alpha122": [15, 60, 240],
  "alpha123": [15, 60, 240],
  "alpha124": [null],
  "alpha125": [15, 60, 240],
  "alpha126": [15, 60, 240],
  "alpha127": [15, 60, 240],
  "alpha128": [15, 60, 240],
  "alpha129": [[60, 0.00556], [240, 0.00333]],
  "alpha130": [15, 60, 240],
  "alpha131": [[15, 1], [60, 1], [240, 1], [60, 2], [240, 2]]
}