{
  "alpha006": [60, 240],
  "alpha007": [60, 240],
  "alpha009": [60, 240],  
  "alpha010": [60, 240],
  "alpha012": [60, 240],  
  "alpha013": [30, 40, 60],
  "alpha014": [30, 40, 60],
  "alpha021": [60, 240],
  "alpha023": [60, 240],  
  "alpha024": [60, 240],
  "alpha026": [60, 240],  
  "alpha028": [60, 240],
  "alpha035": [60, 240],
  "alpha041": [null],
  "alpha043": [60, 240],
  "alpha046": [60, 240],  
  "alpha049": [60, 240],
  "alpha051": [60, 240],
  "alpha053": [60, 240],
  "alpha054": [null],
  "alpha084": [60, 240],
  "alpha101": [null],
  "alpha102": [60, 240],
  "alpha103": [60, 240],
  "alpha104": [[60, 240], [240, 720]],
  "alpha105": [60, 240],
  "alpha106": [null],
  "alpha107": [60, 240],
  "alpha108": [60, 240],
  "alpha109": [60, 240],
  "alpha110": [60, 240],
  "alpha111": [60, 240],
  "alpha112": [20, 60, 240],
  "alpha113": [60, 240],
  "alpha115": [60, 240],
  "alpha116": [60, 240],
  "alpha117": [60, 240],
  "alpha118": [60, 240],
  "alpha119": [null],
  "alpha120": [60, 240],
  "alpha121": [null],
  "alpha122": [60, 240],
  "alpha123": [60, 240],
  "alpha124": [null],
  "alpha125": [60, 240],
  "alpha126": [60, 240],
  "alpha127": [60, 240],
  "alpha128": [60, 240],
  "alpha129": [[60, 0.00556], [240, 0.00333]],
  "alpha130": [60, 240],
  "alpha131": [[60, 1], [240, 1], [60, 2], [240, 2]]
}